{"cameraMode":{"drawMode":0,"name":"Shaded","section":"Shading Mode"},"sceneLighting":false,"audioPlay":false,"sceneViewState":{"m_AlwaysRefresh":false,"showFog":true,"showSkybox":false,"showFlares":true,"showImageEffects":true,"showParticleSystems":true,"showVisualEffectGraphs":true,"m_FxEnabled":true},"in2DMode":false,"pivot":{"x":0.02731078863143921,"y":0.031422168016433719,"z":-0.0017805397510528565},"rotation":{"x":-0.47336727380752566,"y":-0.15130551159381867,"z":0.08291613310575485,"w":-0.8638026714324951},"size":0.2442360371351242,"orthographic":false}